x0,x1,x2,x3,x4,time,status
0.12930079761524294,-0.4702726202676626,0.4590754389197911,0.5460617950754978,-0.43995658676466753,10.54615601493513,1.0
-0.2745744285210867,0.7081525730093317,0.17740833786143706,0.2981310976431606,-0.1381412133591069,36.70837689145208,1.0
0.6794729726713324,-0.46504719568605224,0.5784429827472122,0.751033931208678,0.10482192545140778,14.593926576910976,1.0
-0.6240440477255682,0.9196965149697693,0.22782241213632703,-0.42405626773318206,0.5536624709994156,15.549312950161353,1.0
0.9904347927109101,0.5818099020196712,-0.8977603433177306,-0.8638729280104258,-0.640514256369419,2.3811838074918588,1.0
-0.641372360330678,-0.6564901743672282,0.0628202512438103,-0.5424447264378061,0.905128300347706,22.653968364283216,1.0
-0.4939584365653531,-0.804582540268836,0.7811567409759117,0.7012328205559981,0.4747689695070463,153.98039751964689,1.0
0.9754151749907047,0.31752338118253687,0.5056505444442942,-0.5241850619496062,0.838164994204224,2.2697794009639463,1.0
-0.019950462438164118,0.14940772421808002,-0.541888008571721,-0.6902626105868672,-0.895181625120353,33.68876513822037,1.0
-0.3465983855297292,0.39292532372150846,0.1573344150247311,-0.32910817556898486,-0.03651582996925429,28.439554635199208,1.0
-0.43295960253906585,0.1072006053765655,0.2641766983200189,-0.7251169906334392,-0.6027433599000991,26.532710994662892,1.0
0.3148660006476709,-0.38630480285342483,0.1513083165671001,-0.2573988372995024,-0.7108246984173479,41.92708377313859,1.0
0.2978413851656907,0.6970744105291464,0.6139627509167094,-0.9793206629958029,-0.22694763864637224,89.2130799864735,1.0
-0.28733318067664215,0.9391537730063568,0.582277391190201,-0.7519288236043127,-0.17966681828814468,26.47973751881825,1.0
0.393795917807662,-0.7747039617012039,-0.2928950566838209,0.9772162831939526,0.4404401936248872,6.6178133107500265,0.0
0.8809639942388758,-0.7827789100532407,-0.7495403067215212,0.7398085157183845,-0.4085778293571227,14.695413905354341,1.0
-0.7491437600746678,-0.9883224774747987,0.14322113500731626,0.7915005478150974,-0.28971964833670194,27.128232293596724,1.0
0.02921019135055314,-0.21211263453886597,-0.20496851879082878,-0.7938720509442461,0.4215876281294726,13.12284467605327,1.0
0.8307458425873504,0.037840185720221076,0.022633210368715906,0.7020065164282843,-0.32972202778644966,6.6804383410947805,1.0
-0.18220979385059066,0.9713676320823779,-0.7066816984009896,0.9352220625931251,0.3780322454092051,4.842336170760797,1.0
-0.889327356078532,-0.46137078749422855,-0.3769943752356646,0.456949933786452,-0.5778646024726743,45.83097514641573,1.0
-0.1304038342802729,0.44617980676939006,0.5271234343582563,0.9771924535838943,-0.950922366861302,2.662800437730748,1.0
0.5571090400694421,-0.7237754756198558,-0.23604658377113985,0.23569062578769784,0.35136509190369636,110.25758447095006,0.0
-0.0894018738673954,-0.6136448816924416,-0.9734679224488456,-0.8175169906208712,-0.9627774155955646,19.53951338229382,1.0
0.8431926647027259,-0.10304771026375281,0.8528718072220376,0.9889360783369543,0.4069205544501082,23.41215094003177,0.0
-0.8177933785931615,0.3264262835527896,-0.5211427065856216,0.37194884355320434,-0.5806568454736512,29.28187327600349,1.0
0.5007144960373289,0.17342965064393567,0.5310543922891187,0.5395269078693135,-0.9064918351769344,57.33552509389936,1.0
0.48387043261163165,0.9264887038815166,-0.5374033390500184,0.15920360163236236,0.5031092650479119,22.580087702904272,1.0
-0.6588858820047254,0.5114557742480181,0.02795215595107514,0.885940904155949,0.2739526471932081,1.402495852042899,0.0
-0.2115947080587599,-0.1790819653982565,-0.10852916754294939,-0.7815911474682167,-0.5601125629703043,13.385821282053708,0.0
-0.8465711411987851,0.3498255760087081,-0.47837802993193623,-0.08139671486065314,-0.5944307668941609,3.8622074058922227,1.0
0.24127332966362225,-0.007544620638522792,-0.751095457210772,0.16847911312804364,0.4373236021833302,1.8912517843203676,1.0
-0.641435301634597,0.9586194246833306,-0.7768116979745527,-0.8552196249540716,0.8033623323535435,2.6441039175447245,1.0
0.6362991473143049,-0.44776727535474303,0.5453156860322785,-0.09050315548947108,0.834456988101784,32.53960026523171,1.0
0.007501237390425963,-0.5198100215800887,-0.3896886692527801,0.7357543000131248,-0.6014579282909105,17.368643013814893,1.0
0.4272415692615512,-0.7980753356950239,-0.5378098550462957,-0.5912904443562335,0.33640154907509046,4.3279009853923895,1.0
-0.7377895541690389,0.6834929114064554,-0.2550636833726352,-0.302209540909274,-0.022352520125907827,0.8997163172532548,0.0
-0.8562081108788469,-0.8261283144513458,0.36281593883557095,-0.45078422645493976,0.6645783014246545,26.822535619545167,1.0
-0.1060872590448263,0.31275858438727977,-0.553928674759494,-0.6853159753592595,-0.09991472495467035,204.24577795621784,0.0
-0.9980788927514057,-0.7852675912454461,0.1611954338334014,-0.4465275941417839,0.7142772919556826,6.410502074504088,0.0
-0.725020016305463,0.12458571109771932,0.6027189464906328,-0.6216100959327915,0.5810357957545356,4.032642244883887,1.0
-0.3528495756999419,-0.26713290860625194,0.48255733482053165,-0.18753701478152895,0.015747855819293832,21.366396823063464,1.0
0.7901321561150827,-0.3604268222426039,-0.5932271932050799,0.8761204043294979,0.4309677688555187,25.4638484830696,1.0
0.0372679053799676,0.4326692106018746,0.7776022237135236,-0.7232287378442297,0.668132252238091,81.50086512647178,1.0
0.09730294685607732,-0.9563772115801357,0.8313307455283232,-0.9810166081077172,0.9509141982370644,5.775622628181387,0.0
0.2549138090980376,-0.7751827947579897,0.9638900492284226,-0.0009775469530473035,-0.8387934029258408,88.06989000483837,1.0
-0.060512548703794744,0.5533431053503612,0.810582516421062,-0.05594646623089061,-0.1452027649228005,52.51428875895945,1.0
0.258307940705399,-0.9185575196568578,-0.5077422353367071,-0.6556206397164677,-0.33375155220855324,7.467095737333177,1.0
-0.1268438158338605,-0.2503761750825806,-0.6032733716401615,0.38725293629915614,-0.3494499766577035,26.759056839442792,1.0
-0.5914403695291579,-0.15398650460780794,-0.6506805328627927,0.8217259033531326,0.28433807474739914,52.98744917107576,1.0
-0.35101763369327954,0.9524244342515149,0.749306135477237,-0.7974517773289436,-0.47836506791152944,3.6546415877265357,1.0
-0.506683238236278,0.15009397322628715,0.38635039929275417,-0.3427319791972592,0.4947330764540323,44.92141343173451,1.0
0.5398208298757665,-0.12601878007748057,-0.06913533760068535,-0.9814486508226903,-0.24908814359703824,27.510380684107545,1.0
-0.7481276072259133,-0.583651440334988,-0.026134484285251114,0.9952538662327042,-0.18325268670186623,26.08555207336151,1.0
-0.7606077127894968,0.14048067864081215,0.9409868217085116,-0.37330755727574805,-0.8312771426530445,1.9148535857176965,0.0
-0.1898508666006482,0.9576926166413919,-0.28263569985243175,-0.870613568333144,0.008952510803389213,11.777778204078718,1.0
-0.29658904992322044,-0.16297613845572645,0.5605702978574376,-0.36147763180480896,0.22199562765773884,97.82370506121045,1.0
-0.8607686162878192,0.313761007489578,-0.5260169612556198,0.22190097866952696,-0.8570956001933612,9.549971966054452,1.0
0.6505145412123794,-0.45159864814018835,-0.5313763275687551,0.5739116175337102,0.793746528682165,63.80205599298435,1.0
-0.4648254459200287,0.4034781785005408,-0.007915476899244878,-0.46846230262755517,0.6013637878817839,40.49179722171194,1.0
0.004256900518214035,-0.5904733732623819,-0.027132720873737082,0.5357508122056045,0.7330366064083726,22.55146230559147,1.0
0.5013883175466012,0.660454510264721,0.07979179481866505,-0.6533835083981914,-0.2069328566383133,12.954294959794929,0.0
-0.411428560859431,0.35147350365745256,-0.6260917885463402,0.14034072504254658,0.33557174005853474,14.768439441309743,1.0
0.8914043681282875,-0.09117547586598151,0.8439317693360071,-0.24167216685045134,-0.4156188758277404,57.471880966819725,1.0
-0.2446022371758283,-0.5174485557948776,-0.6251653355847335,0.2788431449713531,-0.08446124961035872,22.4243254946452,1.0
-0.100391862570967,-0.848978537003297,0.08678967951732175,0.8958469169316803,-0.8348501535385451,30.87548283008367,1.0
0.6586897221474857,-0.9405216441284343,0.3252034969422659,0.7943078064945799,-0.48980024321972215,90.17150591696256,1.0
-0.7336363149651048,0.8764815597425588,0.8130773099446245,0.8934828357297229,0.4891402608492317,42.29417306580186,1.0
0.4440069158725086,-0.055941641853545665,-0.06686753304404602,-0.7863684558739787,-0.7166050270615407,86.1811776058377,0.0
0.8633247367822865,-0.1854884956611702,-0.9018297101382888,-0.7799210264589294,0.16379275723085862,5.330799565070375,1.0
-0.05161821892538665,-0.41384840933034406,-0.10776149115727929,-0.661910142396519,0.9689878201493203,122.05153487582153,1.0
0.7770485952366835,-0.490963769075623,0.5039891819765376,-0.15464366792672934,0.395599322629433,50.818268375865614,1.0
0.9194560033234402,-0.8771124565656083,-0.8135651000495079,0.8145785785771069,0.7243386276999746,35.645970411401656,0.0
-0.6337893895694999,0.3866631259161617,0.8992552962168348,-0.8735405673163061,0.05777089013304848,9.730867849576049,1.0
-0.8423241598780635,0.7321031050669609,0.8167832625670801,-0.9113868419633002,0.5142404966630716,0.5809895327206898,0.0
-0.11889493568661513,-0.5582192654193878,0.6955556109268479,-0.7984953308137781,0.7121539244675326,23.85842699624238,1.0
-0.7788876246693583,-0.3889239674326088,0.020158279379265842,-0.3534209327153588,-0.407176047913981,65.13015615562976,1.0
0.3618941759491108,-0.04931879520597304,0.7355198200379249,0.9036623300000646,0.3036216589828611,42.88451508451564,1.0
0.3920152445607401,-0.10393373405017314,-0.022251712862189965,-0.9307437350700836,-0.5938765101841053,84.26871143716438,1.0
0.9649704419403133,0.42069039374091055,0.777608605685836,-0.6226365056051215,-0.22792450355189087,224.17303629756296,1.0
-0.39772172614395074,0.6896723636745805,-0.005323923758872695,0.1852483220989518,0.7257956877207516,0.9933922079973428,1.0
-0.4482229469063257,-0.8004958147776493,0.2798923835793603,-0.46859273158562487,-0.5009583081447728,79.82699597077112,1.0
0.5990818311398145,-0.11164039767854961,-0.7139757990074371,0.8632883601652139,-0.9618066795254687,96.44589995395653,1.0
0.5733243262198189,-0.9550106703449224,-0.5771643591332363,0.8448471086268785,-0.3803939489679191,88.81918562468225,1.0
-0.31376910738206276,0.38374967868600973,0.5911545944976113,-0.14023290523195686,0.7026220147397961,40.3291878175044,1.0
0.8980172444242216,-0.6590437876578317,-0.9818733445411025,-0.7441957308685818,-0.5459561090673675,46.52255375761595,1.0
-0.414558687194702,-0.6098723924547351,-0.9200601345595116,-0.06402633169914007,0.9456651016743154,29.41553677007621,1.0
-0.41966532240884646,-0.07988806563533335,-0.7860238206718453,0.8515952871252062,-0.41652947143630836,0.01961669981955221,0.0
0.5601628178502063,0.13311646557501366,-0.919990449806277,0.7333429288174209,-0.6258717321062852,134.48509012672696,1.0
0.11696451919396789,-0.951237735658105,0.594651650854108,-0.1973673343216802,-0.8693679166687285,71.18706866507019,1.0
0.3523485096355794,0.11956083479330748,-0.505487519359161,-0.62307760354843,-0.7093411221189669,27.217078604957493,0.0
0.18327448435251492,-0.5942713443986347,0.09719340908877339,-0.6916018226030964,0.6111453909575879,15.929247721364447,1.0
-0.29271129236316096,0.023796784654808834,-0.5277895794095406,-0.4488788376010622,-0.8726339878357108,1.9018936740198709,1.0
-0.5597640683297831,-0.08137655737880545,0.4695329604205094,0.09284657868284962,-0.480675500684999,40.976315260263945,1.0
0.7461066432968038,-0.8459953572398264,0.562880780257069,0.7570568144700403,-0.8252905360388247,83.55590568172805,1.0
-0.4229495458601793,-0.18033041806109673,0.42659537867809316,-0.038732162913399426,0.5230741124954197,2.720278100225805,1.0
0.8416673431744321,-0.7793977766801923,0.3247530180498974,-0.21063872252616678,0.017635655941677042,61.84170075973554,1.0
0.8573623909274815,-0.8440190860899346,0.4060509029322743,-0.3296035462597562,-0.6320053695220476,380.46861123141645,1.0
-0.7740876538345307,-0.9039464041342793,0.6924779388821676,-0.016975050163439587,0.013517837004915378,30.94963132159531,0.0
0.10386312381255536,-0.7909795361051675,0.45609909304955987,-0.8053269037140163,0.41442359444459265,83.42924922043319,1.0
0.8858927211389818,-0.8931005062096395,0.21867902661401417,0.07249970079288492,0.3010957584743039,43.02172185448883,1.0
-0.09534652738886407,0.5751225428463447,0.3744978591878516,0.7557389269922214,0.2960671639587866,0.6909409483654265,1.0
0.05198084498047595,0.02224163008651736,-0.15461730327562107,-0.19511308723729748,0.7054967109580297,35.67158815659349,1.0
0.7088522541032858,0.42310127764685457,-0.8921382772980642,0.2773306093742165,0.805463660823966,5.293758442642834,0.0
-0.5499504680911331,0.5370969136132377,0.9602851161641619,0.3177583667786563,-0.6591820184885746,12.970125333716535,0.0
-0.8011125691458683,0.7534473661030028,0.6519911649483945,0.9211910919074286,-0.7861573144832519,6.791557518587707,1.0
-0.7501551568586979,-0.96954479590708,0.7062796747487081,-0.11572680291498805,-0.21560636988324888,197.01533698229866,0.0
-0.03778145959076662,-0.7423743399742591,-0.05983152859780949,-0.562216218421324,0.031709463111168734,66.52126015989813,1.0
0.19823267121500154,-0.6526457270264181,-0.04462789439641068,0.181685466715092,-0.45787781516560067,35.4783320795644,1.0
-0.690062229077492,0.8362435189660415,-0.157922444685193,0.9898152228386126,-0.0015727557508058432,9.442393517449627,1.0
0.28343464867449364,-0.8865924991005745,0.05422391399539461,0.8596547300244328,0.7375880750295047,108.11362775090633,1.0
-0.4889954550344824,0.3028929857373748,0.6065618172343625,0.3520099961381591,-0.0072372748850650925,10.32701244425104,1.0
-0.20442902741121105,-0.11621922170570409,-0.05552619059375963,-0.6957117483480746,0.23695044531666976,84.1458734228813,1.0
-0.939555885412432,-0.27101207693242446,0.9694292570924901,0.3674259231108197,0.324594487988624,9.930582763831385,0.0
0.684792055929335,-0.7926165457633909,0.6712642647303229,-0.8902778323068465,0.8164622740128658,3.5588140550038405,1.0
-0.19676893058728329,0.2765392942500988,-0.20526239652192158,-0.18670830917780679,0.01818312580661341,69.01465344074106,1.0
0.18283610959557728,0.1685169550251111,-0.2766838657265229,0.8992425416589245,0.862637330447882,54.749618241368495,1.0
0.9745586327293259,-0.4930496278117671,-0.4326225727703692,0.4467683811745704,0.33588888541489914,27.5067914569949,1.0
0.16156243891099775,0.29469388887535963,0.4276030516413176,0.008159103464726813,-0.19171861831356907,27.956964415052344,1.0
-0.6365482281304968,0.45469311049318883,-0.09148842025744686,-0.7750689722701807,-0.8551250318336152,3.6272751569129977,0.0
-0.32300015151202266,-0.35874306870511563,0.7700746473060682,-0.7024484184507938,-0.5595536513483272,84.65309847249121,1.0
0.1764844544434494,0.8387324756839956,-0.08660678700848878,-0.34900168351633587,0.15219759389913112,13.438170076733613,1.0
-0.8310814562082858,-0.6618121009558309,-0.5248713482201275,0.6122561025066144,-0.9831641488106404,64.29200200087087,0.0
-0.5170943365450638,0.22563992692399304,0.8164494512785505,-0.9491342614662976,-0.0376976497354744,5.4978862929759975,1.0
-0.6648184123947942,-0.07604881062142499,-0.6150414381108433,0.6603648000641913,0.6283502054460126,11.058682068650967,1.0
-0.36811767260807526,-0.571912625589051,-0.47871083647123913,-0.3921017729641616,0.7184080419457748,25.28115213542023,0.0
-0.5238477258137715,0.330465038719693,0.6115746651961784,-0.7018355931147497,0.3665918511606838,44.952714726858055,1.0
-0.9591200133352447,0.9940229331171946,0.5077813492378911,0.9478753731999809,-0.4881163003686724,1.9755308275216283,1.0
0.8541981392136697,-0.9697640330943884,0.9516922532698335,0.6200440232813733,-0.8872749408505947,120.66005591597037,0.0
0.5863802904037514,-0.3654046687449286,0.9538754270502501,-0.8476889741262492,-0.03533888070654889,35.78430480977836,1.0
-0.8092892410003667,-0.01629923419511803,-0.543218691935452,-0.22388661978071123,0.44929251807441384,6.936127275828009,0.0
-0.926943096681337,-0.2946958454813777,-0.20569927516581354,-0.7955246209187925,-0.07852160322973889,10.198182337760828,1.0
-0.20484114742216541,-0.7140917175988277,-0.34999255299260823,-0.8808632153632656,0.3097875910921817,8.809384738600908,1.0
0.28107538538190546,0.11203717355425802,-0.2343362087129497,0.23952126710497157,-0.9908536638120062,229.77566519661377,1.0
0.7187892220097511,-0.8242255172659989,0.44438753497787253,0.43647633628744575,-0.5967627804233362,6.576109242432031,1.0
-0.2959272826826753,0.6336490690167667,0.41928413869938397,-0.864279718823731,0.7606166603926154,13.037425992879102,1.0
0.26700157340589703,0.6635677175629175,-0.35916232802550696,-0.6957217696903575,0.42644944225632186,49.31186777005435,0.0
0.8376630567634009,-0.8905280885351354,0.2885831606201583,0.3008439799519538,0.05849477929084368,66.32023277275432,1.0
0.943097883408595,-0.023051595071923003,-0.310656063757462,0.026689112083248645,-0.18407384633145707,37.122686408777895,0.0
0.7137034368546733,0.9011491120659603,0.5325676333430913,-0.11006354816802033,-0.20898957741821955,203.54630741207663,1.0
0.6785495429665434,-0.1071419206870372,0.20424798680620815,-0.8407251423847375,0.4181510203972054,3.7736198237153746,1.0
0.24461146069908946,-0.8394479477565373,-0.5090579348879218,0.48327747147017175,0.5858429620232888,58.662501945635476,1.0
0.858173551730326,0.16595262014371737,0.3611746961390512,0.5132715470835754,0.6222570775378133,25.71578900313145,1.0
-0.5161875671428457,0.7184901904159438,0.8134100029841109,0.029162265057060877,0.8061968697851425,9.553147050939561,1.0
-0.6299241266330433,0.9285079702901697,-0.8397033682397612,0.2334372747358724,0.038309774886934767,0.10355665652370998,0.0
-0.4816228111678127,-0.5785744739554457,-0.7682441185550823,-0.5089590034528706,0.7549902506930821,22.249630699623346,1.0
0.16829015514294254,-0.7127630992566947,-0.9444283692238025,-0.19153761430810579,0.554792673408177,42.0097055573108,1.0
-0.7102951527808372,-0.08960203333460726,0.34145355338713657,0.3620168153775942,0.10119101880785575,25.48353449048167,1.0
-0.15056148809296843,-0.9224596280695909,-0.7586330075687819,-0.07128974727259219,-0.39702211198431203,52.2399812476956,1.0
-0.6021555006609334,0.617655234666127,0.8774417912589993,0.6656376561463027,-0.48220682907647694,15.697535730290296,0.0
-0.18698435767748323,-0.7470911685932426,0.46541185811992225,-0.771849462003632,-0.7315616025893179,38.40483813446128,1.0
0.5438136530803874,0.8649127713251432,-0.2743736422550873,0.09854665664069828,0.9788010235172573,0.5385834579427178,1.0
-0.27569806957108645,0.9002839513178895,0.47181815859954757,-0.5285098385732041,-0.9944049937622315,0.9606895719865054,0.0
0.3760818908683885,0.28553258470984133,-0.8849575967188683,-0.4130564671316286,-0.7135250715065484,19.951193077526973,1.0
0.018578210821039498,-0.4997401605747316,0.518092969383481,-0.7906210774522828,-0.28616145929034964,35.38744140474084,1.0
-0.7649868180697217,0.11704882253397253,0.7713044395462492,0.45903999174056564,0.1389338280418846,2.668788354326695,0.0
0.25754146632270447,-0.09290332632458997,-0.939442840008748,-0.6635868353363739,-0.47863994723987346,127.5757538867005,1.0
-0.7336286697303822,0.1733022396692765,-0.15137663466740214,0.13693437138081888,-0.856427188224707,26.073741553221904,0.0
0.048778277582066876,0.5539347417253031,-0.1760405164715535,-0.13290273662548802,0.1150223242049544,13.148819890113684,1.0
0.4439007190828774,-0.9755072927471573,-0.9801633599496444,0.17809472189828757,0.042318983739281,20.919860076351586,1.0
-0.05974072191453916,-0.9048024923910667,0.09968438563647619,-0.9527099770528118,0.4751439660049186,5.773107090765803,1.0
-0.7729853344985742,0.2963826073298579,0.2908660207724334,-0.6832455262735633,0.9696767982075525,7.7001857221124075,0.0
-0.764698676889523,0.3443051789413831,0.6331478917710891,-0.9799688745884749,-0.43821397807948115,25.63893030252284,1.0
-0.26141216644347387,-0.2789391079662493,0.23128760360451373,-0.9808794535920946,0.7778814281844295,44.05977347819095,1.0
0.7210971823436239,-0.1108902531174405,0.05779659505966417,-0.972856594036501,-0.21478011386238727,21.504378990350546,1.0
-0.5426948316041988,0.31447171408946617,0.2514817804832268,0.7390140442301609,0.2245305068325849,22.763527462464538,1.0
0.054147753558112965,0.8925476495663904,0.8269987826572094,0.7801347017683127,0.9049948443789513,18.56480347482942,1.0
-0.5176553607931795,-0.7580981738589634,-0.3860213630534086,-0.08794399440088929,0.5609047000157321,163.2838760082168,1.0
-0.2508949486802776,0.5175609717446612,-0.20370450247721972,-0.5518890073439866,-0.05070539651569339,46.05761115870064,1.0
0.8832306923806705,0.7493216457923406,-0.043702350892709685,-0.46502348959258266,0.3043525781985459,15.282750676940088,1.0
0.7660662287594724,-0.36800302030567345,0.7329237134848385,0.14069679608597485,0.7710950538252195,42.2299031745021,1.0
-0.6344150856361681,0.5604951641213802,0.47838738640205025,-0.18282708167650474,-0.10511160881372628,4.29908984991726,0.0
0.7027276370605224,-0.4900928991277711,-0.6692666248048389,-0.3511328565330549,0.6187104778558437,149.39902667773475,1.0
0.008411966587573705,0.3502883791018787,0.5151122017999561,-0.054205455613949516,0.8237923392663153,13.932535005977343,1.0
-0.6463586408438982,0.18988403133658815,0.8106312723263598,0.016068343676962638,-0.6014387526160165,6.0068960364018915,1.0
-0.35711828327758943,-0.27780489170076117,0.9703302006885604,0.1621492079489435,-0.015559382416879819,3.5264632332595984,1.0
-0.9321323838736082,0.3391194592720501,-0.6649846661003105,0.9861743261886093,-0.5171929951162868,33.31849939819325,1.0
0.8694624778433417,0.5150359684082109,-0.6827268582490482,-0.5430489669395933,0.4356363722318013,204.6876451895842,1.0
0.3209627049567494,-0.6930073426140424,0.2725573959972356,-0.5072283802761759,0.5798323015966094,1.3895538912964194,1.0
-0.35015076375268883,0.46683197231660234,-0.0797215984786468,0.6405914612365919,0.40397317564151103,35.27687728217706,1.0
0.9188139480432118,-0.10604376528119408,0.44054382511936674,-0.46020175399494434,0.8035469332649812,5.093515874916939,1.0
0.9264700196890792,-0.8133846033723326,-0.8719966240084318,-0.47739898712727147,-0.11204746438944979,235.53393130094335,1.0
-0.14213813766062633,-0.9573412679297455,0.8484829915906771,0.7327235325047414,-0.4581012152642472,37.725278103728385,1.0
0.4423239797471241,0.250430647211505,0.3677373466125844,-0.8862198020111731,0.495713900531668,10.385472390087534,1.0
0.15638426905805347,-0.28384784311381095,0.054423656481209726,0.7146784966738691,-0.957799828711188,7.891647288161621,1.0
0.09457514622338237,-0.2909896247315318,0.7034072485929983,0.5095471937146219,0.9886380888117385,0.04151959411175892,0.0
-0.7727421425723733,-0.8376208457382062,-0.8673794318550556,0.9458940220935126,-0.7088224988980458,38.29007336094884,1.0
-0.3459097807128564,-0.3992363995050421,-0.7773791893385944,-0.008470510634252637,-0.0666785549566391,1.1009423159384337,0.0
-0.7138333426793284,-0.30062455759801243,-0.9605120041143058,-0.2940368791010324,-0.8149657907501775,123.9941744255165,1.0
-0.741745088438023,-0.587429007593534,0.6008032383307307,-0.799029563375264,-0.4077462434635106,79.39513742795862,1.0
-0.44607216700606656,-0.4665009596527987,0.8718454283067532,-0.2973876523384362,-0.7279082081522621,37.18642825065417,1.0
0.5944239061415211,-0.16245196720011834,-0.6768205586730249,0.5563393494889295,-0.7231822999199646,8.15142840102443,0.0
-0.8604348126840577,-0.8214781637703812,0.16250402347428072,-0.12972651088543907,-0.9965411127443708,33.82599470599968,1.0
0.7981186370934341,-0.7164227340273266,-0.9317321572134853,0.14609471664198326,0.3197047657089003,158.62394251536404,1.0
-0.30919129373111054,0.5294453236046135,0.08178813250066486,0.6858770278739035,-0.9081155034970119,0.38141847221286795,1.0
0.5638988586534048,0.12528980953004987,-0.11273347945379464,-0.12806542546379718,0.8945108544104263,94.00328160668333,1.0
-0.4712880654535305,0.926583180863187,-0.07869224004239461,0.23409002235280774,0.6320463158135434,0.2636290637509947,0.0
-0.4189002431919504,-0.5259042435163614,-0.5671758599964352,-0.3304579048407439,0.016580907365042474,42.888406073986445,0.0
0.33697787441989946,-0.5454516907253173,0.06091444304438065,0.023852269787678848,-0.39836374221004367,11.814661019510563,1.0
-0.44397828444213827,0.21542240633830212,0.9000734995453858,0.4546611766295321,0.015509762903793911,1.5254248381623166,1.0
0.5267820342739873,0.7429598104801984,-0.6838865725670136,-0.823080354336615,0.7835694740846206,0.0022440989286754832,0.0
-0.6817381719230136,-0.8883377675794346,0.8748577136326099,0.18647920234351667,0.3787016535417844,95.35827621832664,0.0
-0.8117765919346556,0.17226649671439298,-0.5936828446775562,-0.5702031403352672,-0.7208248368305228,149.30842633689963,1.0
0.08262137658560853,-0.8252499835899554,0.28964123558474375,0.2768139877894542,0.49303218545590366,64.89088648302484,1.0
-0.7722390242329042,0.05687605811956575,-0.1938191307389714,-0.3533483398107342,-0.4171930915038933,20.645904520768614,1.0
-0.1514692283077006,0.8478017871858008,-0.16600426933519996,0.7531224418008073,0.0030855742740636405,72.98123656024391,1.0
-0.6672380776737801,-0.13126196953886526,-0.2912838403381499,0.23057181864729315,0.03638963767353354,5.387076419555756,1.0
-0.14784099843717224,0.2541750819129558,0.9468086446581059,0.15938736495605554,-0.8583148571382724,51.15838292660286,1.0
-0.0998557104662221,-0.14424459164367165,-0.5383496625840747,-0.6325854811007832,0.6773517959396149,50.26371982759415,1.0
-0.739526334861202,-0.9832063449682975,-0.2979687316162227,-0.2549538110515561,0.8542985672936139,2.5918645602173243,0.0
0.44050254286390755,-0.06384789881601449,0.557634944867148,0.24503604056486283,-0.0893736438403403,38.38866139386742,1.0
0.39567556319348407,-0.015881628937183923,-0.540532352169929,0.9745764130991286,0.5699554931094859,160.66126938975987,1.0
0.4056383647770774,0.8981901102773673,-0.3729679288425687,0.13903720100031824,-0.6607942981870034,21.07199442964512,1.0
-0.6777264478993688,0.5599208682168713,0.7354684426692459,-0.8605091078476048,0.6591682784249195,12.7236448165148,1.0
-0.1912314268430182,0.5095529582328167,-0.731935714911722,0.4588363782314753,-0.12238119043350304,29.148891154849526,1.0
-0.004991315958177367,-0.6147481371101478,-0.20356632392171004,-0.6532287938886046,0.7827236490539431,21.31627426107106,1.0
0.6001463868609698,-0.11619100498673829,0.8489445574254564,0.4029328893571176,0.9273331525570416,81.34224182190722,1.0
0.18089554289074683,0.694279294844808,0.4431835958982826,0.28767562576471595,-0.8907381713387703,24.061528827470905,1.0
-0.8641637464670184,0.628496362569118,-0.000506151256349785,-0.985951544604768,0.5366944185667777,4.979508297973059,0.0
-0.00795439075921145,-0.2922528215339246,0.5483968177982743,-0.8697934102376772,-0.5114453571725,11.916924128993555,1.0
-0.8650241396407179,0.13347593280439196,-0.962697607651325,0.2655677483708987,0.7183397014067479,19.402903251821172,1.0
0.3172960538903311,0.6651082918435745,0.7684728079797365,-0.3001271926480096,0.8297439514823581,20.404088153883343,1.0
0.2980743382520117,-0.42576199210275023,-0.7792948448863168,0.5487613988712656,0.8032948692002535,53.08782221237613,1.0
0.13886128998681047,0.468609032019778,-0.42920459600425165,-0.011068549146042717,-0.3645526000772934,1.078382470208614,1.0
-0.6679039490080956,-0.5850278625210008,0.5210058441686003,0.6184498300726735,0.901345697671768,45.05798886823966,1.0
-0.33744409184550195,-0.15813740136433863,0.018193408085391827,-0.9698846940206862,0.3607113140446985,26.57364763659588,0.0
0.3470432401745345,0.735908797760789,-0.7976359395771737,-0.12215610362525187,0.4728897617118277,2.842191977395518,1.0
0.9504617153846311,-0.6023655890407871,0.9269400081440742,-0.738303702237548,0.44876877765795764,44.47406218053432,1.0
0.9642639397597983,-0.09690545561963448,-0.7837075269886848,0.969512848286231,0.138618313922531,40.691052679550005,1.0
-0.6974376562047535,-0.9632214832624328,0.9564434144926068,-0.9827960377965881,-0.5628065344915223,5.432898446925781,0.0
0.5516661095469995,-0.397769962932764,0.504747285110279,0.34553923396692254,-0.9478063124487637,2.58718677884674,1.0
-0.10756371788242092,-0.39996008774830494,0.9217032909284981,0.3558064583055689,-0.4848116101501285,56.4808604648152,1.0
-0.6705328030807616,0.9775348170538569,-0.8792617628349857,-0.3493282399432225,0.7297834662093543,9.37629781887804,1.0
-0.891618690675708,-0.815820663124589,-0.2307029523855142,-0.8851323886489761,0.9448879808724966,36.00413683040819,1.0
-0.3635567150898562,-0.3188561385253992,-0.43068661995284274,-0.07709038646974564,0.3076342263464511,93.26454569534187,1.0
0.20981872242315291,-0.11811204224863858,-0.4391983947676785,0.8178142039521095,0.7710032002776632,122.00345192803486,1.0
0.23008995632161988,0.11530654890701397,-0.9716524072902233,0.9860185709967404,0.05355819271683249,9.673534096677862,1.0
0.5554602024114168,0.9189720949031113,-0.609585626807875,0.07250779315005085,-0.9554017927136096,12.397655382257499,1.0
0.5836979812474841,-0.9585697184694764,0.4909540753072217,0.535563289783558,0.22531411938479318,24.653936614786296,1.0
-0.3445146338027869,0.011575371721641803,-0.3978974566228286,-0.5040905143649896,-0.25188395241368555,7.4411086574531895,0.0
0.6667971279065361,-0.7712908922146922,-0.7883868898381448,-0.4120225221552629,-0.9087799089588859,2.0477417308715937,1.0
0.2995497257028932,-0.8360036687725441,-0.22001952242085654,-0.5383770792603577,-0.705046637947512,17.261652070564384,0.0
-0.7081943941870941,0.09208998990788109,0.5038498116749861,0.662185336003666,0.03442961887377605,0.8485960177116139,0.0
0.8932842612406426,-0.9811289251152877,-0.9261031688297543,0.0029316350108514744,0.2538462291804868,198.94481033789822,1.0
-0.8661724218611029,-0.5810929062463077,0.11423006736350594,0.2761453028849694,0.12336657687426311,11.767157100016018,1.0
-0.6169722552109609,0.8144411922401138,-0.3503841113815056,0.4911570182746847,0.48894887062382053,20.973705289084148,1.0
0.028275676511300807,-0.9088962634610702,-0.5285350973655922,0.6212945035514426,-0.647682430844795,19.917393841109998,1.0
0.41280111902291106,0.6053422864833169,-0.15437014711041086,-0.8126801092845495,-0.7338320557475706,131.47207920156413,1.0
0.783949300603695,0.12300985040096157,-0.32920446988791574,0.735694266120771,0.6849212273401641,23.289518405787977,1.0
-0.5278941832115616,-0.5364971528166527,-0.5411689606783952,-0.22276200210658992,-0.8555179850173862,26.2937168728653,1.0
0.3466100874814022,0.12690556885620952,0.941132586460157,-0.8260954218674046,0.10687412307129218,87.33436491651396,0.0
-0.25645421485363085,0.6069898037484527,0.7764948994479386,-0.10796202061981952,0.4798958542508074,15.650439553757245,1.0
-0.6187233694403744,0.31926082887066753,-0.931514493010762,-0.8285215913096553,-0.902531260851009,12.73082645572273,0.0
-0.4212049178520605,-0.4966356382279169,-0.44478211446715776,0.38017871136016534,0.20744855303354504,111.6863410647675,1.0
0.07869496657289221,-0.11064814187505134,0.6160685426765318,0.36882875748789745,0.8554857549069161,4.294954400199755,0.0
0.033114941207921245,0.9342639175162557,0.11403632314370249,0.3091120706006061,-0.5958834776934605,13.02887581078662,1.0
0.6727613584941865,-0.2825552714127033,0.4492988107455156,0.42688465636860573,0.3472306932881557,9.070772505952885,1.0
0.057862480985389375,0.9319515479131797,-0.7853491272079887,-0.2455290894502753,-0.012418383119678467,35.70357526294664,1.0
0.030798999454504594,-0.09393587660445357,-0.7808887590583946,0.8563277792580983,-0.8676109603124038,30.01068966944446,0.0
-0.19948767204359408,-0.5024743569734225,0.42051128568709273,-0.0887407013239303,-0.23928219449168653,46.83470442355019,1.0
0.9823633169427062,0.3631021473613869,-0.18441106051684608,0.6895007236625526,-0.3378914837852989,62.721616040848545,1.0
0.836582663695717,-0.026489611620694742,-0.17703369309500117,0.06334219046057532,0.32655145203001235,46.12563318370779,1.0
-0.8344840069901491,0.11223678865228637,0.9989361306463436,-0.816254587088616,0.5025538711066464,40.449293228335975,1.0
0.1818460767726915,0.4264159087459545,-0.4358515290561886,-0.3386759426917396,-0.1600507855280191,63.69992851071295,1.0
-0.3253771527504927,-0.44686540286875776,-0.003398870542411947,0.8774843003131356,-0.3663768215345904,84.07877687479032,1.0
0.2783941685525195,-0.9686322642377776,-0.005028845019912742,-0.46183835118686045,0.9520947151383674,3.7689517437001023,1.0
-0.6144580416446244,-0.13741357903624474,-0.3180710037376051,-0.4033493391902796,-0.02047441848133591,97.25620120351637,1.0
0.44161668599797843,-0.6884366776584678,-0.8303652952685938,-0.6281773823002044,-0.24132461862648413,0.32488036655815733,0.0
-0.5381673829637283,0.6426419992812162,-0.7673885437508621,-0.35920263910904593,-0.13092762560839777,12.241538313208986,1.0
-0.809723430644482,0.3133281881189125,-0.6948969245194809,0.09449712976554014,0.7579499002494481,23.675739807960657,1.0
-0.4061962291142516,0.4898009931575269,0.45681220628455055,-0.22737474505985378,-0.3290016674584595,9.055114129164677,0.0
-0.9309108350892799,-0.45469755077882246,0.2723298665594218,-0.1440181056923988,0.5630318603446933,19.101605162706598,1.0
0.3489910607886395,0.023225116065966223,0.23191977553905652,-0.08020479374711842,0.6427902058331945,126.20451769833413,1.0
0.6294073796530053,-0.13278922926220837,-0.971908470764768,-0.1779962089269589,0.3937944145365164,24.038372048747423,0.0
0.03677983522390038,0.26696143125243,0.21642203985051545,-0.3684793607466159,0.5877401784580933,91.90069538582213,1.0
-0.45926999152227777,-0.3433660085218524,-0.7072739490898108,-0.13737471360795483,0.15559810766393234,63.20924649711246,1.0
-0.5053273228449249,-0.9998452361215882,0.028099067834387093,0.5438703861297463,0.45312280788264814,73.58857173817529,1.0
0.36902227485131167,-0.04919281361047889,0.9256511147421611,-0.9246573188917271,0.6725093710701087,26.538910694462878,1.0
-0.08447313133333556,0.23188680957021446,-0.7259396704521088,-0.08056345598835346,-0.4620039777872882,18.20587121971611,1.0
0.24468268256109194,-0.41358017196709485,-0.028350860021455926,-0.5209803456182043,-0.6764952270202498,10.079753504854814,1.0
-0.37724197467391574,0.31656392901358976,-0.6563867658084996,0.2875658613980361,0.16691582732470645,7.66313787637009,1.0
-0.6618306075979841,-0.43233118046060093,0.6096528336822116,0.560484041595398,0.1988261362714503,6.2502354237395865,1.0
0.47143473779344336,-0.9516610542821724,-0.36085757364802573,0.27685126343921773,-0.8345488942424961,43.9056515123864,0.0
0.662103729522098,-0.9490812116065435,0.7165527516421775,-0.6864382854234967,0.18652011796293455,109.78374515899259,1.0
0.85541655661642,-0.09848024549393641,-0.695113152751013,0.0853173091213264,-0.9888751330617258,14.819467344670338,1.0
0.6275539150846918,0.04237601385261569,0.8584439665908326,-0.5544042885020486,-0.8340777024238526,10.591401567204311,1.0
-0.4029281511703573,0.917551415634466,0.7901999192712712,0.5323540669646698,-0.29720141333375394,12.021123837779284,1.0
0.622418270367012,-0.5195879957887699,-0.9833117183749087,0.6486961090095074,-0.7035727749761478,8.097723621469548,1.0
-0.9848960277094212,-0.9741608630975445,-0.3409957947007505,0.713070899660186,0.9465353456505599,145.59145412159094,1.0
-0.41923699292443706,0.3316474273692802,0.08717460697912527,-0.002810583530955757,-0.6597022956730973,24.318604564239717,1.0
-0.7285337067339099,0.6670850644345798,-0.07012319655344723,0.17015123968901547,0.5264161250541348,27.133285695858355,1.0
-0.6303736348654334,0.6162507336987451,-0.2916011221556267,0.3792729951676568,-0.5126011209697996,10.748839918460842,0.0
0.08756627461738886,0.13898774117714785,0.5926663086353334,-0.095394296639288,-0.6260206230399985,6.374754744878662,0.0
0.8106023819975929,-0.9365454050968789,-0.40711040903926765,0.25848687959679406,0.6111195897383304,46.029064537198835,1.0
-0.031019490490328483,0.19246438513169561,-0.5477004903285392,-0.25246241245916057,0.8377658489875015,15.720647370961546,1.0
0.6682573769895992,0.3716529295696154,-0.47569167562108805,0.421105049161987,0.047063444209337835,20.489238492675526,1.0
-0.7216975768135805,-0.7623705329277155,-0.570454065115428,-0.2774814724172683,-0.25518842193538993,8.308604200146137,1.0
-0.7654805646686047,0.2090953930581081,0.28014631998896755,0.7544405271786185,0.8910934741746828,30.956608920993684,1.0
-0.4320819455696696,-0.7091348653656104,-0.8695373560572466,-0.4701345130449426,0.978044623168679,62.29621681997171,1.0
-0.29472252888484096,-0.8129669388598573,0.2830929902297503,0.09009142350741106,0.18993397343089158,37.60406666962283,0.0
